{
	"wind_resource_model_choice" : 0,
	"wind_resource_filename" : "C:/Nextcloud/HILT-CRC---Green-Hydrogen/DATA/SAM INPUTS/WIND/WindSource.csv",
	"wind_resource_distribution" : [ [ 3.1185,  45,  0.0344 ], [ 9.1355000000000004, 45,  0.0172 ], [ 15.1525, 45,  0.000457 ], [ 21.169499999999999, 45,  0 ], [ 3.1185, 135,  0.046800000000000001 ], [ 9.1355000000000004, 135,  0.0591 ], [ 15.1525, 135,  0.0032000000000000002 ], [ 21.169499999999999, 135,  0.00011400000000000001 ], [ 3.1185, 225,  0.063799999999999996 ], [ 9.1355000000000004, 225,  0.28199999999999997 ], [ 15.1525, 225,  0.26300000000000001 ], [ 21.169499999999999, 225,  0.0487 ], [ 3.1185, 315,  0.062399999999999997 ], [ 9.1355000000000004, 315,  0.0974 ], [ 15.1525, 315,  0.020500000000000001 ], [ 21.169499999999999, 315,  0.0010300000000000001 ] ],
	"weibull_reference_height" : 50,
	"weibull_k_factor" : 2,
	"weibull_wind_speed" : 7.25,
	"wind_resource_shear" : 0.14000000000000001,
	"wind_turbine_rotor_diameter" : 150,
	"wind_turbine_powercurve_windspeeds" : [ 3, 3.25, 3.5, 3.75, 4, 4.25, 4.5, 4.75, 5, 5.25, 5.5, 5.75, 6, 6.25, 6.5, 6.75, 7, 7.25, 7.5, 7.75, 8, 8.25, 8.5, 8.75, 9, 9.25, 9.5, 9.75, 10, 10.25, 10.5, 10.75, 11, 11.25, 11.5, 11.75, 12, 12.25, 12.5, 12.75, 13, 13.25, 13.5, 13.75, 14, 14.25, 14.5, 14.75, 15, 15.25, 15.5, 15.75, 16, 16.25, 16.5, 16.75, 17, 17.25, 17.5, 17.75, 18, 18.25, 18.5, 18.75, 19, 19.25, 19.5, 19.75, 20, 20.25, 20.5, 20.75, 21, 21.25, 21.5, 21.75, 22, 22.25, 22.5, 22.75, 23, 23.25, 23.5, 23.75, 24, 24.25, 24.5, 24.75, 25, 30 ],
	"wind_turbine_powercurve_powerout" : [ 0, 94, 132, 175, 225, 281, 344, 415, 494, 581, 676, 781, 895, 1019, 1153, 1298, 1455, 1623, 1802, 1995, 2200, 2418, 2650, 2896, 3156, 3431, 3722, 4000, 4000, 4000, 4000, 4000, 4000, 4000, 4000, 4000, 4000, 4000, 4000, 4000, 4000, 4000, 4000, 4000, 4000, 4000, 4000, 4000, 4000, 4000, 4000, 4000, 4000, 4000, 4000, 4000, 4000, 4000, 4000, 4000, 4000, 4000, 4000, 4000, 4000, 4000, 4000, 4000, 4000, 4000, 4000, 4000, 4000, 4000, 4000, 4000, 4000, 4000, 4000, 4000, 4000, 4000, 4000, 4000, 4000, 4000, 4000, 4000, 0, 0 ],
	"wind_turbine_hub_ht" : 150,
	"wind_turbine_max_cp" : 0.45000000000000001,
	"wind_farm_wake_model" : 0,
	"wind_resource_turbulence_coeff" : 0.10000000000000001,
	"system_capacity" : 320000,
	"wind_farm_xCoordinates" : [ 0, 1200, 2400, 3600, 4800, 6000, 7200, 8400, 600, 1800, 3000, 4200, 5400, 6600, 7800, 9000, 0, 1200, 2400, 3600, 4800, 6000, 7200, 8400, 600, 1800, 3000, 4200, 5400, 6600, 7800, 9000, 0, 1200, 2400, 3600, 4800, 6000, 7200, 8400, 600, 1800, 3000, 4200, 5400, 6600, 7800, 9000, 0, 1200, 2400, 3600, 4800, 6000, 7200, 8400, 600, 1800, 3000, 4200, 5400, 6600, 7800, 9000, 0, 1200, 2400, 3600, 4800, 6000, 7200, 8400, 600, 1800, 3000, 4200, 5400, 6600, 7800, 9000 ],
	"wind_farm_yCoordinates" : [ 0, 0, 0, 0, 0, 0, 0, 0, 1200, 1200, 1200, 1200, 1200, 1200, 1200, 1200, 2400, 2400, 2400, 2400, 2400, 2400, 2400, 2400, 3600, 3600, 3600, 3600, 3600, 3600, 3600, 3600, 4800, 4800, 4800, 4800, 4800, 4800, 4800, 4800, 6000, 6000, 6000, 6000, 6000, 6000, 6000, 6000, 7200, 7200, 7200, 7200, 7200, 7200, 7200, 7200, 8400, 8400, 8400, 8400, 8400, 8400, 8400, 8400, 9600, 9600, 9600, 9600, 9600, 9600, 9600, 9600, 10800, 10800, 10800, 10800, 10800, 10800, 10800, 10800 ],
	"wake_int_loss" : 0,
	"wake_ext_loss" : 1.1000000000000001,
	"wake_future_loss" : 0,
	"avail_bop_loss" : 0.5,
	"avail_grid_loss" : 1.5,
	"avail_turb_loss" : 3.5800000000000001,
	"elec_eff_loss" : 1.9099999999999999,
	"elec_parasitic_loss" : 0.10000000000000001,
	"env_degrad_loss" : 1.8,
	"env_exposure_loss" : 0,
	"env_env_loss" : 0.40000000000000002,
	"env_icing_loss" : 0.20999999999999999,
	"ops_env_loss" : 1,
	"ops_grid_loss" : 0.83999999999999997,
	"ops_load_loss" : 0.98999999999999999,
	"ops_strategies_loss" : 0,
	"turb_generic_loss" : 1.7,
	"turb_hysteresis_loss" : 0.40000000000000002,
	"turb_perf_loss" : 1.1000000000000001,
	"turb_specific_loss" : 0.81000000000000005,
	"constant" : 0,
	"total_uncert" : 12.0852
}
